"","cimbenefits_comp","desccontactnorms_all_comp","cimperceivedrisk_comp","sr_31_able_to_call","sr_41c_ingenuity","sr_10_harm_you_personally_reversed","sr_11_harm_future_generations_reversed","injunctcontactnorms_all_comp"
"1",2.4748743718593,1.19270758554678,3.62479061976549,3.02010050251256,2.77386934673367,3.31658291457286,3.93467336683417,1.38738932759033
"2",1.70039682539683,1.11627692743764,1.95337301587302,2.77380952380952,3.16666666666667,1.44047619047619,2.13095238095238,1.16461167800454
"3",3.06714628297362,2.84085303186023,3.74100719424461,3.69784172661871,3.44604316546763,2.96402877697842,3.23741007194245,2.97422918807811
